id,source,publisher_type,independence,url,retrieval,accessed,claim_recorded,label,used_by,caveats
S43,"NHS England Acute discharge situation report",official,independent,https://www.england.nhs.uk/statistics/statistical-work-areas/discharge-delays/acute-discharge-situation-report/,search excerpt (direct fetch blocked),2026-09-29,"~324,000 bed days lost to discharge delay in Jan 2025; average delay 6.1 days for patients no longer meeting criteria to reside",REPORTED,N01,Monthly figure; annualisation not done
S44,"NHS England / GIRFT theatre productivity programme; QI literature",official+academic,independent,https://www.england.nhs.uk/long-read/theatres-surgery-and-perioperative-care/,search excerpt,2026-09-29,"Target >=85% capped theatre utilisation; early finishes and under-booking main drivers of low utilisation (QI study)",REPORTED,N02,Metric definitions contested (capped utilisation tutorial)
S45,"DfT Domestic road freight statistics (RFS01), 2024-2026",official,independent,https://www.gov.uk/government/statistics/domestic-road-freight-statistics-april-2025-to-march-2026/domestic-road-freight-statistics-united-kingdom-april-2025-to-march-2026,search excerpt,2026-09-29,"Empty running 30% of HGV km (2024), 31% (2025); 5,714m km empty Apr25-Mar26",REPORTED,N03,Structural share unknown
S46,"NESO Connections Reform results (Dec 2025) via trade press",official,independent,https://www.neso.energy/industry-information/connections-reform/connections-reform-results,search excerpt,2026-09-29,">700 GW queue; 283 GW advanced; >300 GW removed; waits up to 10 years under old regime",REPORTED,N04,
S47,"Building Safety Regulator statistics and trade press; Build UK rejection-reasons paper (Sep 2025)",official+trade body,independent,https://buildingsafety.campaign.gov.uk/building-safety-regulator-making-buildings-safer/the-building-control-authority/building-control-approval-application-data-march-2026/,search excerpt,2026-09-29,"2025 turnaround ~33 weeks for some work, projects 12-18 months late; now 12-15 weeks; 44-56% of applications failed validation (2025); 368 Gateway 2 decisions in 12 weeks to Jun 2026, 77% approved",REPORTED,N05,Rapidly changing; validation-failure figures predate improvements
S48,"ONS Management practices in the UK 2016-2023 (Management and Expectations Survey)",official,independent,https://www.ons.gov.uk/economy/economicoutputandproductivity/productivitymeasures/bulletins/managementpracticesintheuk/2016to2023,search excerpt,2026-09-29,"Management score 0.55 (2023) vs 0.49 (2020); positive association with labour productivity after controls; AI adoption 37% top decile vs 3% bottom",REPORTED,N06,Association not causation
S49,"Skills for Care, State of the adult social care workforce 2025",official-adjacent,independent,https://www.instituteforgovernment.org.uk/publication/performance-tracker-2025/local-services/adult-social-care,search excerpt,2026-09-29,"Turnover 23.7% (2024/25); vacancies 111,000 (7.0%); 6.2% in 2025/26",REPORTED,N07,
S50,"UNISON survey (2023, 2025); Homecare Association travel-time data",union+trade body,partly advocacy,https://www.homecareassociation.org.uk/resource/homecare-workers--travel-time.html,search excerpt,2026-09-29,"72-75% of homecare workers unpaid for travel; 19% of day travelling; 8.1 min average travel per visit",REPORTED,N07,Small samples (300-500)
S51,"Made Smarter programme materials; OEE literature",government programme+vendor,mixed,https://www.madesmarter.uk/resources/blog-smart-manufacturing-how-uk-smes-can-reduce-costs-improve-efficiency-by-reducing-waste/,search excerpt,2026-09-29,"Typical OEE ~60% vs 85% world-class; early Made Smarter productivity gains 10-15%",REPORTED,N08,OEE norms are practitioner lore; programme self-reported
S52,"WRAP UK Food Waste & Food Surplus Key Facts (2025)",NGO,independent,https://www.wrap.ngo/sites/default/files/2025-06/WRAP-UK-Food-Waste-and-Food-Surplus-Key-Facts-July-2025-v5.pdf,search excerpt,2026-09-29,"Manufacturing waste 706kt, £0.85bn, 3.8% of food handled; retail 234kt; over half avoidable",REPORTED,N09,2021 prices
S53,"Elliott et al., BMJ Quality & Safety 2020 (DHSC-commissioned)",academic,independent,https://pubmed.ncbi.nlm.nih.gov/32527980/,search excerpt,2026-09-29,"237m medication errors/yr in England; 66m potentially clinically significant; definitely avoidable ADEs cost £98m, 181,626 bed-days",REPORTED,N10,
S54,"Institute of Customer Service UKCSI Jan 2025",trade body,independent,https://www.instituteofcustomerservice.com/poor-service-costing-billions/,search excerpt,2026-09-29,"Service problems cost UK organisations £7.3bn per month",REPORTED,N11,Modelled from survey
S55,"Ofwat Water company performance report 2024-25",regulator,independent,https://www.ofwat.gov.uk/wp-content/uploads/2025/10/WCPR-24-25.pdf,search excerpt,2026-09-29,"Leakage 2,869 Ml/d (~20% of distribution input); 46.4 l/person/day",REPORTED,N12,
S56,"CMA Children's social care market study (2022); NAO; IfG",official,independent,https://www.gov.uk/cma-cases/childrens-social-care-study,search excerpt,2026-09-29,"Market ~£5.7bn/yr; 15 largest providers 22.6% profit; children's home place ~£318k-404k/yr",REPORTED,N13,
S57,"Lord Carter review of operational productivity (2016)",official,independent,https://questions-statements.parliament.uk/written-statements/detail/2016-02-05/HCWS515,search excerpt,2026-09-29,"£5bn unwarranted variation; procurement £0.7bn; 22 trusts used 30,000 suppliers and 400,000+ product codes",REPORTED,N14,10 years old
S58,"DfE Education, health and care plans 2025",official,independent,https://explore-education-statistics.service.gov.uk/find-statistics/education-health-and-care-plans/2025,search excerpt,2026-09-29,"46.1% of new EHC plans issued within 20 weeks (2025); 46.4% (2024); 50.3% (2023)",REPORTED,N15,
S59,"NHS waiting-list validation sprint reporting (press, IEA, Nuffield Trust)",press+think tank,mixed,https://www.nuffieldtrust.org.uk/news-item/why-is-the-planned-care-waiting-list-coming-down-and-what-does-the-data-really-tell-us,search excerpt,2026-09-29,"£33 per validated removal; one trust removed 14,148 entries",REPORTED,N16,
S60,"ONS Sickness absence in the UK labour market 2023-2024",official,independent,https://www.ons.gov.uk/employmentandlabourmarket/peopleinwork/labourproductivity/articles/sicknessabsenceinthelabourmarket/2025,search excerpt,2026-09-29,"148.9m working days lost in 2024; rate 2.0%; 4.4 days per worker",REPORTED,N17,
S61,"MRO inventory vendor content (Verusen, Reliamag, Sparetech)",vendor,vendor,https://reliamag.com/guides/mro-spare-parts-inventory-statistics/,search excerpt,2026-09-29,"15-25% of MRO inventory obsolete/surplus; 22% unused >5 years; widely quoted 50-60% has no locatable primary study",REPORTED,N18,Vendor-only (S1)
S62,"PwC Working Capital Study 24/25",consultancy,independent-ish,https://www.pwc.co.uk/services/value-creation/insights/working-capital-study/2024.html,search excerpt,2026-09-29,"€1.56tn excess working capital globally; UK NWC days up almost 50% since 2015; EU DIO +19.3%",REPORTED,N19,Listed companies only; consultancy sells WC services
S63,"Engineering workforce retirement figures (secondary, recruitment-sector sources)",secondary,unclear,https://www.manufacturingmanagement.co.uk/content/in-depth/solving-the-engineering-skills-shortage-before-2026,search excerpt,2026-09-29,"~19.5% of engineers due to retire by 2026; ~29,000 technicians (18%)",REPORTED,N20,Original source not identified
S64,"Advancetrack Accounting Talent Index 2026",vendor (outsourcer),vendor,https://www.accountancydaily.co/73-firms-turn-away-work-short-staff,search excerpt,2026-09-29,"73% of accountancy firms turned away work; 69% at or near capacity",REPORTED,N21,Sponsor sells outsourcing (S1)
S65,"Paperless Parts manufacturing buyer survey",vendor,vendor,https://goautonomous.io/blogs/b2b-quote-response-time-benchmark-2026-how-long-manufacturers-take-to-quote/,search excerpt,2026-09-29,"67% of buyers expect a quote within 24h; 6% will wait >3 days",REPORTED,N22,Vendor (S1)
S66,"Corsten & Gruen 2003 meta-analysis; Retail Economics 2026 UK availability report",academic+consultancy,mixed,https://www.retaileconomics.co.uk/retail-insights/thought-leadership-reports/the-availability-effect-trust-margin-loyalty-grocery-2026,search excerpt,2026-09-29,"Global OOS 8.3%; UK grocery OSA 89.7% (97.1% with substitutes); £2.1bn sales at risk",REPORTED,N23,
S67,"NESO Demand Flexibility Service 2024-25 report",official,independent,https://www.neso.energy/document/363911/download,search excerpt,2026-09-29,"1.98m MPANs registered; estimated savings £483k for winter 2024-25",REPORTED,N24,Disconfirming for value
S68,"House of Commons Library court statistics; HMCTS/MoJ tribunal data",official,independent,https://researchbriefings.files.parliament.uk/documents/CBP-8372/CBP-8372.pdf,search excerpt,2026-09-29,"Crown Court outstanding ~80,200 (Dec 2025); employment tribunal open caseload 74,320; 59.6 weeks to disposal",REPORTED,N25,
S69,"King's College London & Adjudication Society, 2024 Construction Adjudication in the UK",academic,independent,https://www.kcl.ac.uk/construction-law/assets/kcl-dpsl-construction-adjudication-report-3.0-2024-update-digital-aw1.pdf,search excerpt,2026-09-29,"Record 2,264 adjudication referrals (May23-Apr24); causes: inadequate contract administration 50%, lack of competence 42%; smash-and-grab/technical payment claims experienced by 63%; most common claim value £125k-£500k",REPORTED,C27b;C27,Respondent-experience percentages not shares of cases
S70,"Construction Industry Council blog 'The £6 billion question'",trade body blog,independent,https://www.cic.org.uk/blog/the-6-billion-question-why-is-construction-still-paying-like-its-1999,search excerpt,2026-09-29,"Late and non-payment costs UK construction ~£6bn/yr",REPORTED,C27;C27b,Origin of £6bn not traced
S71,"Thinkproject CEMAR / CONTRACTS product information",vendor,vendor,https://group.thinkproject.com/en/solutions/cemar-contract-management/,search excerpt,2026-09-29,"NEC contract event management (early warnings, compensation events) widely used by larger organisations; AI assistants embedded in 2026",REPORTED,C27b,Competitor evidence: NEC tier-1 segment served
S72,"Gateway 2 consultancy providers (BSR Compliance and others)",vendor,vendor,https://bsrcompliance.co.uk/insights/principal-designer-role,search excerpt,2026-09-29,"Specialist firms prepare complete Gateway 2 packages",REPORTED,N05,Competitor evidence
S73,"IEEPA tariff refunds: Supreme Court 20 Feb 2026; CIT Atmus order; Cato/Holland & Knight tracking",legal/think tank,independent,https://www.cato.org/blog/ieepa-refunds-update-good-progress-still-ways-go,search excerpt,2026-09-29,"~$165bn refunds ordered; CBP authorised $104.29bn and paid $71.06bn by 29 Jun 2026; importer-based refund process in ACE/CAPE",REPORTED,C25b,US-only; one-off event
S74,"Energy supplier business portals (British Gas Energy360, EDF Energy Hub, Yu, SSE, TotalEnergies)",vendor,vendor,https://www.britishgas.co.uk/business/smart-meters/energy360,search excerpt,2026-09-29,"Free half-hourly data portals, including explicit out-of-hours reporting",REPORTED,C26,Competitor evidence: wedge commoditised
S75,"Credit Research Foundation Deduction Survey 2018",trade body,independent,https://www.crfonline.org/wp-content/uploads/2018/10/Deduction-Survey-2018-Jessica-Butler-1.pdf,search excerpt,2026-09-29,"Median 6-10% of deduction dollars invalid; apparel/footwear 15-20%",REPORTED,C02,First independent corroboration; 2018
S76,"Deduction-software consolidation: SPS Commerce acquires SupplyPike ($206m); HighRadius acquires Cforia; Glimpse (UNFI/KeHE); Carbon6 (Walmart 1P)",press/SEC,independent,https://www.sec.gov/Archives/edgar/data/1092699/000109269924000066/ex991.htm,search excerpt,2026-09-29,"Consolidators and specialists now cover large retailers, Walmart 1P, Amazon and US natural-channel distributors",REPORTED,C02,Competitor evidence
S77,"Arcadis Global Construction Disputes Report 2025",consultancy,independent-ish,https://www.arcadis.com/en/insights/perspectives/global/global-construction-disputes-report,search excerpt,2026-09-29,"Failing to understand/comply with contractual obligations is a leading dispute cause; NA average dispute 12.5 months",REPORTED,C27b,UK figures not extracted
