id,primary,secondary,scan
C01,LEAKAGE_RECOVERY,INVENTORY_WORKING_CAPITAL,1
C02,LEAKAGE_RECOVERY,INFORMATION_FLOW,1
C03,MAINTENANCE,ASSET_UTILISATION,1
C04,CUSTOMER_FLOW,SCHEDULING,1
C05,COMPLIANCE_ADMINISTRATION,DECISION_LATENCY,1
C06,LEAKAGE_RECOVERY,COMPLIANCE_ADMINISTRATION,1
C07,WAITING_DELAY,COORDINATION,1
C08,QUALITY_ERRORS,INFORMATION_FLOW,1
C09,PROCUREMENT,LEAKAGE_RECOVERY,1
C10,INVENTORY_WORKING_CAPITAL,KNOWLEDGE_WORK,1
C11,LEAKAGE_RECOVERY,INVENTORY_WORKING_CAPITAL,1
C12,COMPLIANCE_ADMINISTRATION,QUALITY_ERRORS,1
C13,LEAKAGE_RECOVERY,,1
C14,LEAKAGE_RECOVERY,PROCUREMENT,1
C15,KNOWLEDGE_WORK,PROCUREMENT,1
C16,QUALITY_ERRORS,FORECASTING,1
C17,CUSTOMER_FLOW,,1
C18,LEAKAGE_RECOVERY,DECISION_LATENCY,1
C19,MAINTENANCE,WAITING_DELAY,1
C20,LEAKAGE_RECOVERY,,1
C21,LEAKAGE_RECOVERY,,1
C22,LEAKAGE_RECOVERY,PROCUREMENT,1
C23,MAINTENANCE,QUALITY_ERRORS,1
C24,COMPLIANCE_ADMINISTRATION,INFORMATION_FLOW,1
C25,LEAKAGE_RECOVERY,COMPLIANCE_ADMINISTRATION,1
C26,RESOURCE_ALLOCATION,,1
C27,LEAKAGE_RECOVERY,INVENTORY_WORKING_CAPITAL,1
C29,LEAKAGE_RECOVERY,,1
C30,INFORMATION_FLOW,KNOWLEDGE_WORK,1
C25b,DECISION_LATENCY,COMPLIANCE_ADMINISTRATION,derived
C27b,INFORMATION_FLOW,COORDINATION,derived
N01,COORDINATION,DECISION_LATENCY,2
N02,SCHEDULING,ASSET_UTILISATION,2
N03,ASSET_UTILISATION,COORDINATION,2
N04,WAITING_DELAY,DECISION_LATENCY,2
N05,COMPLIANCE_ADMINISTRATION,INFORMATION_FLOW,2
N06,WORKFORCE_PRODUCTIVITY,DECISION_LATENCY,2
N07,SCHEDULING,WORKFORCE_PRODUCTIVITY,2
N08,THROUGHPUT,ASSET_UTILISATION,2
N09,FORECASTING,QUALITY_ERRORS,2
N10,QUALITY_ERRORS,INFORMATION_FLOW,2
N11,CUSTOMER_FLOW,QUALITY_ERRORS,2
N12,MAINTENANCE,ASSET_UTILISATION,2
N13,RESOURCE_ALLOCATION,PROCUREMENT,2
N14,PROCUREMENT,INFORMATION_FLOW,2
N15,DECISION_LATENCY,COMPLIANCE_ADMINISTRATION,2
N16,RESOURCE_ALLOCATION,INFORMATION_FLOW,2
N17,WORKFORCE_PRODUCTIVITY,,2
N18,INVENTORY_WORKING_CAPITAL,MAINTENANCE,2
N19,INVENTORY_WORKING_CAPITAL,FORECASTING,2
N20,KNOWLEDGE_WORK,MAINTENANCE,2
N21,KNOWLEDGE_WORK,WORKFORCE_PRODUCTIVITY,2
N22,DECISION_LATENCY,KNOWLEDGE_WORK,2
N23,FORECASTING,INVENTORY_WORKING_CAPITAL,2
N24,RESOURCE_ALLOCATION,,2
N25,WAITING_DELAY,,2
