id,name,SEV,FREQ,MEAS,ACC,TTP,SOLV,REP,URG,IMPL,RISK,SAT,COMP,AIL,PIND,LEARN,MOAT,confidence
C02,Invalid retailer deductions (US mid-market CPG),4,5,5,3,4,4,5,4,4,4,1,4,4,4,4,2,M-L
C12,Planning application invalidation (England),2,4,4,4,4,3,4,2,4,4,3,4,3,4,3,3,M
C14,Supplier overpayment recovery (UK mid-market AP),2,4,5,2,4,4,5,3,4,3,2,3,3,4,4,2,M
C20,Carrier invoice and SLA refund recovery (UK shippers),2,5,5,3,5,4,4,3,4,4,2,3,2,5,3,2,L
C24,Customs declaration production cost (UK brokers/importers),3,5,4,2,3,3,4,3,3,2,2,4,4,3,4,3,M
C25,Import duty overpayment and missed preference recovery (UK importers),3,5,5,3,4,4,5,3,4,3,3,5,4,4,5,4,L
C26,Out-of-hours electricity waste (UK multi-site non-domestic),3,5,4,4,4,3,5,2,4,4,2,4,3,5,4,3,M
C27,Subcontractor cash-cycle leakage (UK construction),4,4,4,3,3,3,5,4,4,3,3,4,3,4,4,3,M
C29,Non-domestic energy billing errors (UK),2,4,5,3,4,4,4,2,4,4,2,3,2,5,3,2,L
C30,Manual B2B order entry (wholesale distribution),3,5,4,3,3,4,5,3,3,4,1,3,5,3,3,2,M-L
