id,sector,workflow,exact_problem,evidence,current_handling,estimated_economic_magnitude,who_experiences_pain,who_pays_to_solve,frequency,measurability,accessibility,likely_time_to_proof,current_competitors_solutions,why_current_solutions_may_be_insufficient,potential_intervention_classes,repeatability,compounding_potential,major_risks,strongest_argument_against,evidence_confidence,status,decision_basis
C01,Financial operations,Accounts receivable / credit control (UK SMEs),SMEs paid late by larger customers; staff time spent chasing; working capital locked,"S01: ~£11bn/yr cost, 133m hours chasing, £26bn outstanding (REPORTED)",Manual chasing; accounting-software reminders; invoice finance; Small Business Commissioner,"£11bn/yr UK (REPORTED, modelled upper bound)",SME owners/finance staff,SMEs (low budgets),Continuous,"High (DSO, days late)",High,Weeks,"Xero/QuickBooks reminders, Chaser, credit control outsourcing, invoice finance","Tools exist and are cheap; residual lateness is driven by payer power, not process",Chasing automation; financing; escalation,Very high,Low,Relationship damage; low WTP,The cheap tools already exist; what remains is structural power imbalance that no chasing service changes; reform (S37) also shifting it,M,KILLED,K16 structural bottleneck; K6 incumbent tooling cheap
C02,Commerce / retail supply,Retailer deductions & chargebacks (US mid-market CPG brands),"Retailers deduct from remittances for shortages, compliance fines and promotions; a share is invalid and never disputed","S02 vendor: deductions 2-5% of gross revenue, 1-3% invalid (REPORTED, vendor-only). S31: UK grocery invoice discrepancies 17% of suppliers",AR analysts dispute manually via retailer portals; many small deductions written off,ESTIMATE: $10M wholesale brand → $100-300k/yr invalid (vendor range; unverified),Brand finance/AR team,CFO/controller of brand,Every remittance,High: recovered $ per dispute,Medium: brand must grant portal and ERP access; US buyers from UK operator,4-10 weeks (look-back on open deductions),"HighRadius, iNymbus, Glimpse, Vividly, Promomash, SupplyPike, Carbon6, outsourced deduction firms",Vendors focus on large retailers and larger brands; long tail of retailers/distributors may be under-served (HYPOTHESIS),Look-back dispute service; evidence packaging (POD/BOL matching); prevention analytics,High (tens of thousands of brands),Medium-High (retailer-specific dispute rules),Retailer relationship; portal ToS; crowded market,Market appears saturated in the US since 2023; no evidenced wedge for a UK solo operator; vendor-only magnitude evidence,M-L,SURVIVOR (suspended on S1 for magnitude),"Score 77.4 (#2), robust; red team: saturation"
C03,Manufacturing,Asset maintenance,Unplanned equipment downtime,S03: ~$1.4tn/yr at Fortune Global 500 (vendor research),"Preventive maintenance, CMMS, condition monitoring",Very large (REPORTED),Plant managers,Operations/maintenance budgets,Monthly incidents per plant,Medium (OEE) but confounded,"Low: plant access, OT security",6-18 months,"Siemens Senseye, Augury, IBM Maximo, PTC, SKF","Adoption uneven, but incumbents strong",Predictive maintenance; spares planning,High,High,OT security; safety,"Requires plant access, sensors and long proof cycles a solo operator cannot fund",M,KILLED,K1 access; K8 capital; K15 enterprise sales
C04,Healthcare operations,Outpatient scheduling (NHS),Patients do not attend appointments (DNA),S04: 5.6% of 146.1m outpatient appts (REPORTED),"SMS reminders, patient portals, overbooking","~£1bn+ (secondary estimate, unverified)",Trusts; waiting patients,NHS trusts,Daily,High,"Low (NHS procurement, IG)",9-18 months,"DrDoctor, Accurx, Netcall, NHS App",Saturated with reminder tech; residual DNA socially driven,Predictive reminders; rebooking,High within NHS,Medium,Clinical risk; IG; procurement,NHS procurement and IG rules make first experiment impossible within months,M,KILLED,K15 enterprise/public procurement; K6 saturation
C05,Healthcare operations,Prior authorisation (US),Staff time spent obtaining payer approval before care,"S05: ~13 h/week per physician (REPORTED, AMA)",Manual portal/fax submissions; RCM vendors,Large (REPORTED),"Practices, patients",Practices/health systems,Daily,Medium-High,"Low (US PHI, EHR access)",6-12 months,"Availity, Cohere, Rhyme, Waystar, EHR vendors; CMS interoperability rules",Payer-driven rules; incumbents plus regulation moving,PA automation,High,Medium,HIPAA; clinical harm; US-only,Requires handling US PHI and EHR integration; heavy regulatory push already mobilising incumbents,M,KILLED,K7 licence/PHI; K1 access
C06,Healthcare operations,Claims denials (US RCM),Initial claim denials and costly appeals,S06: ~15% initial denials; $25.7bn adjudication cost (REPORTED),In-house RCM teams; outsourced RCM,Large (REPORTED),Providers,CFOs of providers,Daily,High,Low (PHI),3-6 months,"Waystar, R1, Experian Health, Ensemble, AKASA","Crowded, well-funded",Denial prediction; appeals automation,High,High,HIPAA,"Regulated data plus crowded, well-capitalised incumbents",M,KILLED,K7; K1; K6
C07,Logistics,Truck loading/unloading (US),Drivers detained at shipper/receiver docks,"S07: 39% of stops; $3.6bn direct + $11.5bn productivity (REPORTED, ATRI)",Detention fees (often unpaid); appointment scheduling,$15bn/yr (REPORTED),Carriers/drivers,Carriers bear it; shippers/receivers cause it,Daily,Medium,Low-Medium,Months,"Dock scheduling software (Opendock, C3), visibility platforms",Party causing delay does not bear cost,Dock scheduling; detention billing,High,Medium,Power imbalance,The payer (shipper) is not the loser (carrier); interventions lack a motivated buyer,M,KILLED,K10 misaligned incentives; K16
C08,Construction,Design & site execution,Rework from avoidable errors,"S08: ~5% direct, up to 21% total (REPORTED, GIRI)","QA/QC, BIM, site inspections",£ billions UK (REPORTED; 21% includes estimates),"Contractors, clients",Main contractors,Continuous,Low (attribution),Medium,12+ months,"BIM, Procore, reality capture (XYZ Reality), GIRI training",Root causes multi-party and cultural,Error-prevention checklists; clash detection,High,Medium,Liability,Cannot attribute cost savings to an intervention within months,M,KILLED,K9 causation; K5 proof cycle
C09,Procurement / commercial,Contract lifecycle,'Value leakage' from poor contract management,"S09: 8.6% average erosion (REPORTED, self-reported survey)","CLM software, contract managers",Claimed large; ill-defined,Enterprises,Procurement/legal,Continuous,Low (definition broad),Low (enterprise contracts),6-12 months,"Icertis, Ironclad, Sirion, DocuSign CLM, recovery audit firms",Metric too broad to verify,CLM; obligation tracking,High,Medium,Confidentiality,The 8.6% figure is a self-reported survey metric; not measurable as defined; enterprise-only,M,KILLED,K2 unmeasurable as defined; K15. Narrow measurable variant (price compliance) absorbed into C14
C10,Professional services,Law-firm billing,Unbilled time and slow billing (realisation lock-up),"S10: realisation ~88%, lock-up 75 days (REPORTED, vendor data)",Practice management software,Moderate per firm,Partners,Managing partners,Monthly,High,Medium,Weeks,"Clio, LEAP, Actionstep, Intapp, time-capture AI",Well served by practice-management vendors with native data,Time capture; billing hygiene,High,Low,Client confidentiality,Practice-management vendors own the data and already ship this feature,M,KILLED,K6 incumbents own the workflow
C11,Construction,Retention release,Cash retentions withheld and not released,"S11: £3.2-5.9bn withheld/yr; £7.8bn unpaid over 3 yrs (REPORTED, BEIS 2017). S37: ban confirmed, not before 2027",Chasing; adjudication; mostly written off,~£2.6bn/yr unpaid historically (ESTIMATE from S11),Subcontractors,Subcontractors,Per project completion,High,Medium,Weeks (look-back),"QSs, claims consultants",Being legislated away,Retention tracking/recovery,High,Low after ban,Legislative change,Government has confirmed a ban; forward flow of new retentions disappears after ~2027-29,M,MERGED into C27 (partial kill),K11 vanishing problem for new retentions; legacy stock retained in C27
C12,Government-adjacent / property,Planning application submission (England),"Applications rejected as invalid at validation, restarting the clock","S34: 324,300 applications/yr; S12: invalidation up to ~45% at one council (REPORTED, not national)",Agents learn local validation lists; LPA validation officers,Unknown aggregate; per-application delay of weeks (HYPOTHESIS),"Applicants, agents, LPAs",Agents/architects (thin margins); developers,"~6,000 applications/week","High (validation outcome, public registers)",High (public registers; agents reachable),4-8 weeks,"Planning Portal, PlanX/Open Systems Lab, Planda, Validar",Rules vary across ~300 LPAs; public digital programmes may absorb it,Pre-submission validation check; local-rule knowledge base,High,High (LPA rule base),Public-sector tools could commoditise,Buyers are small agents with little budget; the government's own digital planning programme may make it free,M,SURVIVOR,"Score 68.0 (#6), not robust"
C13,Revenue operations,Subscription billing,Involuntary churn from failed payments,"S13: 20-40% of churn (REPORTED, vendor)","Smart retries, card updater, dunning",Large aggregate (vendor),Subscription businesses,Growth/finance,Daily,High,Medium,Weeks,"Stripe, Recurly, Chargebee, Churnbuster, Butter",Built into billing platforms,Retry optimisation; dunning,High,Low,Low,Billing platforms already solve most of it natively,L,KILLED,K6 solved cheaply; K18 platform dependency
C14,Financial operations,Accounts payable (UK mid-market),"Duplicate, erroneous or off-contract supplier payments never recovered",S14: 0.8-2% of disbursements erroneous (REPORTED). S35 disconfirming: recovery audits recover ~0.1% of spend,ERP duplicate checks; periodic recovery audits for large firms,ESTIMATE: £50m spend → ~£50k recoverable at 0.1% (S35),Finance teams,CFO (contingency fee),Per payment run,High (cash recovered),Low-Medium (full AP ledger; trust),6-10 weeks,"PRGX, apexanalytix, Xelix, AP automation suites, UK recovery-audit boutiques",Mid-market may be under-audited (HYPOTHESIS),Look-back recovery audit; continuous duplicate detection,High,Medium,Data security; supplier relations,"Realistic yield ~0.1% of spend makes per-client value small, and trust barrier for a solo operator to obtain full ledgers is high",M,SURVIVOR (weak),"Score 67.4 (#7), not robust"
C15,Procurement,Public tenders (SME bidders),High bid cost and low win rates for SMEs,S15: SMEs ~20% of £195bn public spend (REPORTED),Bid writers; tender portals,Unknown,SME bidders,SMEs,Per tender,"Low (win rate noisy, small n)",High,3-9 months per cycle,"Bid consultancies, Tussell, Stotles, Tenderwell, AI bid tools",Crowded; outcomes noisy,Bid drafting; opportunity matching,High,Medium,Low,Cannot show causation on win rates within months; crowded AI-bid market,M,KILLED,K9; K5
C16,Hospitality,Kitchen operations,Food waste in outlets,"S16: ~£3.2bn/yr; ~£10k per outlet (REPORTED, WRAP)",Stock control; waste tracking,ESTIMATE: capturable ~£3-5k per outlet/yr,Operators,Operators,Daily,High (weighing),High,Weeks,"Winnow, Leanpath, Orbisk, WRAP Guardians of Grub",Hardware incumbents; small per-site value,Waste measurement; menu engineering,High,Medium,Low,Capturable value per site too small for a solo operator; hardware incumbents,M,KILLED,K3 tiny capturable value; K6
C17,Revenue operations (trades),Inbound call handling (SME trades),Missed calls lose jobs,"S17: 62% unanswered (REPORTED, vendor, small old study)",Voicemail; answering services,Unknown (vendor claims only),Trades businesses,Owners,Daily,Medium,High,Weeks,"Dozens of AI receptionists, answering services, Google/Meta tools",Commoditised; copyable in a weekend,AI receptionist,High,Low,Low,Evidence is vendor-only and the market is commoditised,L,KILLED,K6; S1 vendor-only evidence
C18,Insurance operations,Claims handling,"Claims leakage (overpayment, missed recovery)","S18: 5-10% of claim payments (REPORTED, consultancy)",Claims QA audits; SIU,Large (REPORTED),Insurers,Claims directors,Daily,Medium,Low (insurer data),9-18 months,"Shift, CLARA, Guidewire, EY/Deloitte audits",Enterprise buyers,Leakage analytics,Medium,High,Regulated; data,Enterprise insurers only; access and sales cycle infeasible,M,KILLED,K15; K1
C19,Property / social housing,Voids and repairs,Rent lost on empty homes; repair backlogs,"S19: void loss £39.8m, 1.3% of rent (REPORTED, Scotland)",In-house repairs teams; contractors,Voids small; repairs large but public,"Landlords, tenants",Housing associations/councils,Continuous,Medium,Low-Medium,Months,"Housing management systems, repairs contractors",Public-style procurement,Void turnaround; repairs triage,Medium,Medium,Safety (damp/mould),Void loss is small; repairs sit behind public procurement and safety risk,M,KILLED,K3 (voids); K15; K13 risk for repairs
C20,Logistics,Carrier invoicing & SLA refunds (UK shippers),Billing errors and unclaimed late-delivery refunds on parcel/freight invoices,"S20/S28: error rates 3-22%; recoveries 3-20% of spend (REPORTED, vendor-only)",Ignored; some use audit services,ESTIMATE: £500k spend × 3% = £15k/yr (vendor-rate assumption),E-commerce/logistics managers,Ops/finance,Every shipment,High (credits received),Medium,2-6 weeks (forward-looking; 15-21 day claim windows),"LateShipment.com, Sendcloud, Shipware, Cass, nVision",Short claim windows limit look-back; carriers tightening guarantees,Automated audit and claims,High,Low-Medium,Carrier relations,Rules-based software already exists; ordinary software beats AI; vendor-only evidence,L,SURVIVOR (suspended on S1),"Score 71.2 (#5), not robust"
C21,Commerce,Retail returns,Returns cost and fraud,S21: 13.21% of sales returned; $103bn fraud (REPORTED),Returns platforms; fraud tools,"Very large, enterprise",Retailers,Retailers,Daily,Medium,Low,6-12 months,"Appriss, Happy Returns, Loop, Narvar",Enterprise incumbents,Returns policy analytics,High,Medium,Customer backlash,Enterprise-only with strong incumbents,M,KILLED,K15; K6
C22,Energy,SME energy procurement,Undisclosed broker commissions inflate SME energy costs,"S22: 77% thought broker free; some costs nearly doubled (REPORTED, Ofgem via secondary)",Litigation claims firms; switching,Large but historic,Microbusinesses,Claims firms (contingency),Per contract,Medium,Medium,Months-years (litigation),Claims law firms; Ofgem regulation,Regulation now addresses forward flow,Commission claims,Medium,Low,Litigation; claims-farming reputation,"Being regulated away (Oct 2025 announcement), and remaining value is claims-farming",M,KILLED,K11 vanishing; K14 extractive
C23,Field service,Maintenance dispatch,Repeat visits due to failed first-time fix,"S23: FTF 75% vs 89%; $200-300 per repeat (REPORTED, dated)",FSM platforms,Moderate,Service firms,Service directors,Daily,Medium,Medium,Months,"ServiceNow, Salesforce Field Service, IFS, simPRO",FSM vendors own workflow,Parts prediction; triage,High,Medium,Low,FSM incumbents own the data and workflow; causation weak,L,KILLED,K6; K9
C24,International trade,Customs declaration production (UK),Labour cost of producing customs declarations,"S24: £1.8bn burden, 38.6m declarations, ~£48 each (REPORTED, HMRC/Ipsos)","Customs brokers, freight forwarders, in-house teams",£1.8bn/yr GB-EU (REPORTED),"Importers/exporters, brokers",Brokers (per declaration margin),Daily,High (time/cost per declaration),"Low-Medium (broker partnership, CDS)",2-4 months,"CDS software vendors, Descartes, broker platforms, AI customs startups",Crowding with AI tools; liability for errors,Declaration prep automation,High,High,Liability; HMRC penalties,Requires partnering with liable intermediaries; crowded with software vendors; low-margin buyer,M,SURVIVOR (weak),"Score 63.8 (#10), not robust"
C25,International trade,Import duty payment (UK importers),"Duty overpaid through misclassification, valuation errors or unclaimed tariff preferences; recoverable for 3 years",S25: 90.0% EU preference utilisation (2024); S38: 2021 exports 73%; S39 vendor: 40% codes wrong; S40: 3-yr C285 window; S33 disconfirming: 47% lines zero,Brokers declare what they are told; few importers audit; some consultancies,UNKNOWN — key gap. Upper bound requires value of eligible-but-unused preferences on dutiable goods,Importers' finance teams,Finance director (contingency fee),Every import entry,Very high (HMRC repayment = verifiable cash; natural counterfactual),Medium (importer must share declaration data),6-10 weeks (look-back + HMRC processing),"Customs consultancies, brokers, emerging AI recovery firms (S42)",Market thin and fragmented (HYPOTHESIS); evidence of saturation weak,Look-back classification/preference audit; C285 claim preparation; forward classification QA,High (251k importers; subset dutiable),High (classification + origin rule base; HMRC outcomes data),Symmetric discovery of underpayments; HMRC scrutiny; origin proof may be unavailable retrospectively,Recoverable pool may be small: most tariff lines are zero and 90% preference use is already high; audits also expose underpayments clients must repay,L,SURVIVOR (suspended on S2 magnitude),"Score 78.4 (#1), robust, but LOW confidence"
C26,Energy (business cost),Building energy operation (UK multi-site non-domestic),"Electricity consumed out of hours with no output (baseload, HVAC schedules, lighting)","S26: 5-10% no/low-cost savings (REPORTED, Carbon Trust); S36: 23.61p/kWh avg",Occasional energy audits; BMS contractors; mostly unmanaged in SMEs,ESTIMATE: 1 GWh/yr multi-site × 23.6p × 5-10% = £12k-24k/yr,"Operators of shops, offices, schools, gyms, restaurants",Finance/operations director,Daily,High (half-hourly meter data; IPMVP),Medium-High (HH data with consent),2-6 weeks,"Energy consultancies, monitoring SaaS, smart-meter apps, BMS vendors, suppliers' portals",Diagnosis is cheap but behaviour/controls change and persistence are hard,Out-of-hours load analytics; schedule fixes; verified-savings contracts,Very high,High (load-shape benchmarks by building type),Savings persistence; low urgency after price falls,Diagnosis is already cheap and widely offered; value per site is modest; urgency faded as prices fell from 2022 peak,M,SURVIVOR,"Score 72.2 (#4), robust"
C27,Construction,"Subcontractor applications for payment, variations and final accounts (UK)","Subcontractors under-recover: under-applied work, disputed variations, missed payment-notice rights, unchased final accounts and legacy retentions","S27: 79% paid late, 73% disputes (vendor survey); S27 (Streetwise Subbie): 89% wait >30 days; S11: retentions £3.2-5.9bn/yr; S37: retention ban from ~2027",Owner/QS does it after hours; freelance QSs; claims consultants; adjudication,ESTIMATE pending: capturable per subcontractor unknown; retention stock historically ~£2.6bn/yr unpaid (S11),Specialist subcontractor owners,Subcontractor MD (cash-starved; contingency acceptable?),Monthly per project,High (applied vs certified vs paid; days to cash),"Medium (contracts, applications, correspondence)",4-12 weeks (look-back on final accounts/retentions),"Payapps, TrakPro (main-contractor side), freelance QSs, claims consultants, construction lawyers",Tools serve main contractors; subbies underserved (HYPOTHESIS),Commercial-management service; payment-notice deadline tracking; final-account recovery,Very high,High (main-contractor payment behaviour dataset; clause library),Adjudication/legal boundary; relationship with main contractor; retention ban,Problem is partly power; subbies fear damaging relationships; freelance QSs already sell this,M,SURVIVOR,"Score 72.4 (#3), robust"
C28,Logistics,Parcel audit (UK),Unclaimed guaranteed-service refunds and parcel surcharges,S28 (vendor),See C20,See C20,See C20,See C20,See C20,See C20,See C20,See C20,See C20,See C20,See C20,See C20,See C20,See C20,See C20,L,MERGED into C20,Duplicate mechanism
C29,Energy (business cost),Non-domestic energy billing (UK),"Billing errors (estimates, wrong rates, VAT/CCL misapplied) overcharge businesses","S29: 27% of small businesses found errors (REPORTED, Ofgem via vendor); 3-5% overpay (vendor)",Bill validation bureaus; brokers,ESTIMATE: £50k bill × 3% = £1.5k/yr per SME site,SMEs; multi-site ops,Finance,Monthly,High (credit notes),Medium,4-8 weeks,"Bill validation bureaus, TPIs, energy management firms",Back-billing limit (12 months) caps look-back,Automated bill validation,High,Low-Medium,Low,Per-buyer value small; rules-based software beats AI; incumbents exist,L,SURVIVOR (suspended on S1),"Score 66.4 (#9), not robust"
C30,Wholesale distribution,Sales order intake,"Manual keying of emailed/PDF orders into ERP causes cost, delay and errors","S30: 30-40% of orders by email; Rexel Canada 70% manual (REPORTED, vendor-only)",Inside-sales staff key orders,ESTIMATE pending,Distributors' inside-sales teams,Operations/sales director,Per order,"High (time per order, error rate)",Medium,2-4 months (ERP integration),"Conexiom, Esker, Y Meadows, ERP vendors, many AI start-ups",Crowding rapidly,Order extraction and ERP entry,Very high,Medium,ERP integration; model dependency,"Crowded AI category, copyable, vendor-only evidence. OVERLAPS PRIOR VENTURE — disclosed, no bonus",M-L,SURVIVOR (weak),"Score 67.4 (#8), not robust"
X01,Technology spend,Cloud infrastructure,Wasted cloud spend,None gathered,,,,,,,,,,,,,,,"FinOps tooling saturated (Flexera, native cloud tools)",None,SCREENED ONLY (not investigated),Desk screen; not counted as investigated
X02,Technology spend,SaaS licences,Unused SaaS licences,None gathered,,,,,,,,,,,,,,,SaaS management platforms saturated,None,SCREENED ONLY (not investigated),Desk screen; not counted as investigated
X03,Retail,Inventory records,Inventory record inaccuracy,None gathered,,,,,,,,,,,,,,,Enterprise-only access,None,SCREENED ONLY (not investigated),Desk screen; not counted as investigated
X04,Professional services,Accounting practices,Client document chasing / capacity,None gathered,,,,,,,,,,,,,,,"Crowded practice tools (Karbon, Dext)",None,SCREENED ONLY (not investigated),Desk screen; not counted as investigated
X05,Workforce,Recruitment,Candidate screening time,None gathered,,,,,,,,,,,,,,,Crowded; weak measurement of hire quality,None,SCREENED ONLY (not investigated),Desk screen; not counted as investigated
X06,Compliance,KYC/AML onboarding,Manual onboarding reviews,None gathered,,,,,,,,,,,,,,,Regulated; enterprise buyers,None,SCREENED ONLY (not investigated),Desk screen; not counted as investigated
X07,Property,Conveyancing (UK),Transaction delays,None gathered,,,,,,,,,,,,,,,Regulated legal activity; multi-party,None,SCREENED ONLY (not investigated),Desk screen; not counted as investigated
X08,Insurance,Commercial broking,Submission intake,None gathered,,,,,,,,,,,,,,,FCA-regulated; enterprise,None,SCREENED ONLY (not investigated),Desk screen; not counted as investigated
X09,Agriculture,Farm administration,Subsidy/grant administration,None gathered,,,,,,,,,,,,,,,Not investigated; policy flux,None,SCREENED ONLY (not investigated),Desk screen; not counted as investigated
X10,Property,Commercial service charges,Service-charge overcharging of tenants,None gathered,,,,,,,,,,,,,,,Not investigated; worth a future scan (M1 mechanism),None,SCREENED ONLY (not investigated),Desk screen; not counted as investigated
