id,archetype_primary,archetype_secondary,sector,workflow,exact_problem,sources,key_evidence,current_handling,who_pays,access_tier,competitors,strongest_argument_against,evidence_confidence,value_type,v2_kill,wedge,ceiling,combined,passes_gates,status_v2
N01,COORDINATION,DECISION_LATENCY,Healthcare operations,Hospital discharge and social-care handover,Patients medically ready to leave stay in acute beds while health and care organisations coordinate onward care,S43,"~324,000 bed days lost in Jan 2025; avg delay 6.1 days (REPORTED)","Discharge hubs, transfer-of-care teams, trusted assessors","ICBs, trusts, councils",B,"Care-coordination software, NHS digital discharge tools, consultancies",Root cause is mostly social-care capacity (structural); public buyers with long cycles; tier-A wedge unclear,M,PROD,,55.6,87.0,69.5,no,PARKED (fails WEDGE gate)
N02,SCHEDULING,ASSET_UTILISATION,Healthcare operations,Elective theatre scheduling,"Theatre lists under-booked or finishing early, wasting scarce surgical capacity",S44,85% capped utilisation target; early finishes and under-booking main drivers (REPORTED),"GIRFT programme, trust schedulers",Trusts/ICBs,B,"Theatre scheduling software vendors, GIRFT (free), consultancies",NHS-only buyer; national programme already targets it; no tier-A access,M,PROD,,58.8,77.0,67.3,no,PARKED (fails WEDGE gate)
N03,ASSET_UTILISATION,COORDINATION,Logistics,Road freight capacity use,~30% of HGV km run empty,S45,"Empty running 30-31% (REPORTED, DfT)","Backhaul boards, freight exchanges, fleet planners","Hauliers, shippers",B,Freight exchanges and load-matching platforms (not verified in this scan),"Much empty running is structural (specialist vehicles, directional imbalance); crowded matching market",M,PROD,,52.2,63.0,57.3,no,PARKED (fails both gates)
N04,WAITING_DELAY,DECISION_LATENCY,Energy,Grid connections,Generation/demand projects wait years for grid connection,S46,>700 GW queue; >300 GW removed by reform (REPORTED),NESO reform; developers' consultants,Developers,C,Grid consultancies,Reform restructuring the queue now; physical capacity is the bottleneck; tier C for operator,M,PROD,K11;K16,52.6,76.0,63.2,n/a (killed),KILLED (K11; K16)
N05,COMPLIANCE_ADMINISTRATION,INFORMATION_FLOW,Construction / regulation,High-risk building approval (Gateway 2),"Applications to the Building Safety Regulator fail validation or stall for missing/poor design information, delaying high-rise projects",S47;S72,"44-56% failed validation (2025); delays of 12-18 months; ~1,500 decisions/yr now at 77-82% approval (REPORTED)","Principal designers, fire engineers, specialist Gateway 2 consultancies",Developers/clients,B,Gateway 2 consultancies; law firms; BSR guidance,"Regulator performance improving fast; low volume (~1,500/yr); life-safety domain requires specialists",M,PROD,,69.8,79.4,74.4,yes,SURVIVOR (passes both gates)
N06,WORKFORCE_PRODUCTIVITY,DECISION_LATENCY,Cross-economy,Management practices in SMEs,Weak structured management practices associated with lower productivity,S48,"MES 2023 score 0.55; positive association after controls (REPORTED, ONS)","Business-support programmes, consultants, Help to Grow",SME owners,A,"Consultancies, Help to Grow: Management, coaching",Causal effect slow and hard to measure; low urgency; interventions are consulting,M,PROD,,54.6,93.0,71.3,no,PARKED (fails WEDGE gate)
N07,SCHEDULING,WORKFORCE_PRODUCTIVITY,Social care,Workforce retention and homecare rostering,High turnover and unpaid travel time erode care capacity,S49;S50,Turnover 23.7%; ~19% of homecare day travelling (REPORTED),"Rostering software, recruitment","Care providers (thin, publicly set margins)",A,"Birdie, Access, CarePlanner and others (not verified)",Buyers have thin margins set by council fees; safety-adjacent,M,PROD,,56.6,73.0,64.3,no,PARKED (fails both gates)
N08,THROUGHPUT,ASSET_UTILISATION,Manufacturing,Shop-floor throughput in SMEs,"Machines and lines deliver far below available capacity (availability, speed, quality losses)",S51,"Typical OEE ~60% vs 85% world class; Made Smarter reports 10-15% gains (REPORTED, programme/vendor)","Lean consultants, MES/OEE tools, Made Smarter adoption support",Operations directors/owners,B,"OEE monitoring vendors, MES providers, Made Smarter",Requires shop-floor access and sensor data (tier B); OEE norms are practitioner lore,M,PROD,,62.6,93.0,76.3,yes,SURVIVOR (passes both gates)
N09,FORECASTING,QUALITY_ERRORS,Food manufacturing,Production planning vs demand,Overproduction and forecast error create surplus and waste,S52,"706kt waste, £0.85bn, 3.8% of food handled (REPORTED, WRAP)","Planners, WRAP programmes, redistribution",Manufacturers,B,Demand-planning software; WRAP (free),Much waste is process loss not forecasting; access needs plant data,M,PROD,,59.4,76.0,67.2,no,PARKED (fails WEDGE gate)
N10,QUALITY_ERRORS,INFORMATION_FLOW,Healthcare,Medication process,Medication errors cause harm and cost,S53,"237m errors/yr; £98m definitely avoidable ADE cost (REPORTED, academic)","EPMA systems, pharmacists",NHS,B,EPMA vendors,Safety-critical at proof stage,M,PROD,K13,42.4,69.0,54.1,n/a (killed),KILLED (K13)
N11,CUSTOMER_FLOW,QUALITY_ERRORS,Cross-economy,Customer service,Service failures generate repeat contacts and lost staff time,S54,"£7.3bn/month (REPORTED, trade body)","Contact centres, CCaaS, AI agents",Service leaders,A,"Salesforce, Microsoft, Zendesk, Genesys, many AI-agent start-ups",Hyper-contested by Big Tech and funded AI start-ups,M,PROD,K6,58.2,67.0,62.4,n/a (killed),KILLED (K6: named incumbents; SME and enterprise segments both served)
N12,MAINTENANCE,ASSET_UTILISATION,Utilities,Water network maintenance,~20% of water put into supply leaks,S55,"2,869 Ml/d leakage (REPORTED, Ofwat)","Acoustic loggers, satellite, pressure management",17 regulated water companies,B,Many specialist leak-detection vendors,Monopoly buyers with regulated procurement; dense specialist incumbents,M,PROD,K6,47.2,66.0,55.8,n/a (killed),KILLED (K6)
N13,RESOURCE_ALLOCATION,PROCUREMENT,Public services,Children's residential placements,Councils pay high prices in a dysfunctional placement market,S56,"~£5.7bn market; 22.6% profit for largest providers (REPORTED, CMA)","Commissioning teams, frameworks",Councils,B,"Regional commissioning, CMA remedies",Scarcity of placements is structural,M,MIXED,K16,44.6,50.0,47.2,n/a (killed),KILLED (K16)
N14,PROCUREMENT,INFORMATION_FLOW,Healthcare procurement,Trust purchasing,Trusts pay different prices for identical products,S57,"£0.7bn procurement opportunity (REPORTED, Carter 2016)","NHS Supply Chain, price benchmarking programmes",Trusts,B,"NHS Supply Chain, national price-transparency programmes",National programmes own the data and mandate,M,REDIST,K6,51.2,54.0,52.6,n/a (killed),KILLED (K6)
N15,DECISION_LATENCY,COMPLIANCE_ADMINISTRATION,Education,SEND assessment,Statutory assessments exceed the 20-week limit,S58,"46.1% within 20 weeks (REPORTED, DfE)",Council SEND teams,Councils,B,Case-management software,Driven by educational-psychologist shortage and demand (structural),M,PROD,K16,44.8,50.0,47.3,n/a (killed),KILLED (K16)
N16,RESOURCE_ALLOCATION,INFORMATION_FLOW,Healthcare,Waiting-list validation,Waiting lists contain patients no longer needing care,S59,"£33 per validated removal; one trust removed 14,148 (REPORTED)","Validation teams, vendors",Trusts,B,Validation vendors,Temporary incentive scheme; perverse-incentive risk,M,MIXED,K11;K14,56.8,40.0,47.7,n/a (killed),KILLED (K11; K14)
N17,WORKFORCE_PRODUCTIVITY,,Workforce,Sickness absence,Working days lost to sickness,S60,"148.9m days lost in 2024 (REPORTED, ONS)","Occupational health, absence management",Employers,A,"OH providers, HR software",Causal effect of interventions not attributable within any practical design,M,PROD,K9,48.8,65.0,56.3,n/a (killed),KILLED (K9)
N18,INVENTORY_WORKING_CAPITAL,MAINTENANCE,Asset-intensive industry,Maintenance spares,Spare-parts inventories hold obsolete and excess stock while critical parts stock out,S61,"15-25% obsolete (REPORTED, vendor-only)","Stores managers, CMMS",Operations/finance,B,"Verusen, Sparetech, CMMS vendors",Vendor-only magnitude evidence,L,PROD,,62.8,75.0,68.6,yes,SURVIVOR (passes gates; suspended on S1)
N19,INVENTORY_WORKING_CAPITAL,FORECASTING,Distribution/manufacturing,Inventory and working-capital decisions (mid-market),"Mid-market firms hold the wrong inventory: excess slow stock alongside stock-outs, locking up cash and losing sales",S62;S66,"UK NWC days up ~50% since 2015 (REPORTED, PwC, listed cos); OOS ~8% (academic)","Spreadsheets, ERP reorder points, planners",Finance/ops directors,A,"Netstock, Slimstock, Inventory Planner, ERP planning modules (not individually verified)",Crowded planning-software market; mid-market magnitude not evidenced independently,M,PROD,,68.4,87.0,77.1,yes,SURVIVOR (passes both gates)
N20,KNOWLEDGE_WORK,MAINTENANCE,Engineering,Knowledge transfer,Retiring engineers take tacit maintenance knowledge with them,S63,"~18% of technicians retiring (REPORTED, unclear origin)","Mentoring, documentation",Employers,B,Knowledge-management and AR vendors,Outcome not measurable as a standalone problem,L,PROD,K2;K9,46.6,73.0,58.3,n/a (killed),KILLED (K2; K9) - retained as a capability feature of maintenance arenas
N21,KNOWLEDGE_WORK,WORKFORCE_PRODUCTIVITY,Professional services,Accountancy practice capacity,Firms turn away work for lack of qualified staff,S64,"73% turned away work (REPORTED, outsourcer survey)","Offshoring, hiring, practice software",Practice owners,A,"Dozens of AI accounting tools, offshore providers",Vendor-sourced evidence; extremely crowded,L,PROD,,65.4,70.0,67.7,yes,SURVIVOR (passes gates; suspended on S1)
N22,DECISION_LATENCY,KNOWLEDGE_WORK,Manufacturing,Quoting (RFQ),Slow quotes lose orders in job-shop manufacturing,S65,"67% of buyers expect a quote in 24h (REPORTED, vendor)","Estimators, spreadsheets",Owners,A,"Paperless Parts, aPriori and others",Vendor-only; win-rate causation noisy,L,PROD,,59.4,77.0,67.6,no,PARKED (fails WEDGE gate)
N23,FORECASTING,INVENTORY_WORKING_CAPITAL,Retail,On-shelf availability,Out-of-stocks lose sales,S66,OOS ~8%; UK OSA 89.7% (REPORTED),Replenishment systems,Grocers/brands,B,"Enterprise replenishment vendors, shelf-scanning",Enterprise buyers with strong incumbents,M,PROD,K6,54.4,66.0,59.9,n/a (killed),KILLED (K6)
N24,RESOURCE_ALLOCATION,,Energy,Demand flexibility,Businesses under-use flexibility markets,S67,DFS winter 2024-25 savings £483k nationally (REPORTED),"Aggregators, suppliers",Businesses,A,Aggregators,Value per participant tiny,M,PROD,K3,51.0,62.0,56.2,n/a (killed),KILLED (K3)
N25,WAITING_DELAY,,Justice,Court and tribunal throughput,Record backlogs delay justice,S68,"Crown Court 80,200 outstanding; ET 59.6 weeks (REPORTED)",HMCTS,State,C,n/a,Judicial function; tier C,M,PROD,K15;access-C,48.4,52.0,50.2,n/a (killed),KILLED (access tier C)
